world1,world2,world3,world4,world_final,world1_bside,world2_bside,world3_bside,world4_bside
level1.tscn,level1.tscn,level1.tscn,level1.tscn,level1.tscn,level1_bside.tscn,level6_bside.tscn,level15_bside.tscn,level23_bside.tscn
level1_1.tscn,level2.tscn,level2.tscn,level2.tscn,level2.tscn,level2_bside.tscn,level8_bside.tscn,level16_bside.tscn,
level1_2.tscn,level3.tscn,level3.tscn,level3.tscn,level3.tscn,level3_bside.tscn,,level17_bside.tscn,
level3_1.tscn,level4.tscn,level4.tscn,level4.tscn,,level5_bside.tscn,,level24_bside.tscn,
level2_1.tscn,level5.tscn,level5.tscn,level5.tscn,,level8_bside.tscn,,level25_bside.tscn,
level2.tscn,level6.tscn,level6.tscn,level6.tscn,,level13_bside.tscn,,,
level3.tscn,level7.tscn,level7.tscn,level7.tscn,,level14_bside.tscn,,,
level5.tscn,level8.tscn,level8.tscn,level8.tscn,,,,,
level4.tscn,level9.tscn,level9.tscn,level9.tscn,,,,,
level6_1.tscn,level10.tscn,level10.tscn,level10.tscn,,,,,
level6_1.tscn,level11.tscn,level11.tscn,level11.tscn,,,,,
level6_2.tscn,level12.tscn,level12.tscn,level12.tscn,,,,,
level6_3.tscn,level13.tscn,level13.tscn,level13.tscn,,,,,
level6_3_1.tscn,level14.tscn,level16.tscn,level14.tscn,,,,,
level4_1.tscn,level15.tscn,level17.tscn,level15.tscn,,,,,
level6_5.tscn,level16.tscn,level18.tscn,level16.tscn,,,,,
level6_4.tscn,level17.tscn,level19.tscn,level17.tscn,,,,,
level6_b3.tscn,level18.tscn,level20.tscn,level18.tscn,,,,,
level6.tscn,level19.tscn,level21.tscn,level19.tscn,,,,,
level6_b1.tscn,level20.tscn,,level20.tscn,,,,,
level7₁.tscn,level21.tscn,,level21.tscn,,,,,
level8.tscn,level22.tscn,,level22.tscn,,,,,
level9.tscn,level23.tscn,,level23.tscn,,,,,
level10.tscn,level24.tscn,,level24.tscn,,,,,
level11.tscn,level25.tscn,,level25.tscn,,,,,
level12.tscn,level26.tscn,,,,,,,
level13.tscn,level27.tscn,,,,,,,
level14.tscn,,,,,,,,
level15.tscn,,,,,,,,
level16.tscn,,,,,,,,
level17.tscn,,,,,,,,
level19.tscn,,,,,,,,
level21.tscn,,,,,,,,
level22.tscn,,,,,,,,
level23.tscn,,,,,,,,
level24.tscn,,,,,,,,
level25.tscn,,,,,,,,
level26.tscn,,,,,,,,
